{"lat1": 56.17258888, "lon1": 37.1101722, "lat2": 56.1722611, "lon2": 37.10723889, "lat3": 56.1729833, "lon3": 37.10795278, "ch1": 1, "ch2": 2, "ch3": 3}